integrated intensity,x,y
"[np.float64(2994889.343624653), 0, 0]","[np.float64(3120599.3657941003), 50, 0]","[np.float64(3204209.562615946), 100, 0]","[np.float64(3252826.6161761577), 150, 0]","[np.float64(3274268.66534915), 200, 0]","[np.float64(3267880.699100159), 250, 0]","[np.float64(3232947.1352381213), 300, 0]","[np.float64(3162632.6644430263), 350, 0]","[np.float64(3000636.586863431), 400, 0]"
"[np.float64(3129739.7002673233), 0, 50]","[np.float64(3295286.231571355), 50, 50]","[np.float64(3393782.9223447433), 100, 50]","[np.float64(3451672.8356581507), 150, 50]","[np.float64(3473013.70126706), 200, 50]","[np.float64(3467264.409627144), 250, 50]","[np.float64(3416947.6329309726), 300, 50]","[np.float64(3313628.391917899), 350, 50]","[np.float64(3109441.141219046), 400, 50]"
"[np.float64(3195456.8724702178), 0, 100]","[np.float64(3385139.2209163457), 50, 100]","[np.float64(3492473.4981529135), 100, 100]","[np.float64(3554051.9192535123), 150, 100]","[np.float64(3576568.5864392268), 200, 100]","[np.float64(3564768.4548607375), 250, 100]","[np.float64(3506249.525309018), 300, 100]","[np.float64(3383978.8559438465), 350, 100]","[np.float64(3150657.2974928934), 400, 100]"
"[np.float64(3203476.7150254874), 0, 150]","[np.float64(3390730.9850042984), 50, 150]","[np.float64(3499706.8413166767), 100, 150]","[np.float64(3559764.7878900263), 150, 150]","[np.float64(3582949.1352921794), 200, 150]","[np.float64(3568132.765360592), 250, 150]","[np.float64(3512843.2843763554), 300, 150]","[np.float64(3397570.7690350544), 350, 150]","[np.float64(3166990.3043450518), 400, 150]"
"[np.float64(3141060.795956119), 0, 200]","[np.float64(3290759.730765539), 50, 200]","[np.float64(3386161.871528279), 100, 200]","[np.float64(3435183.7646083804), 150, 200]","[np.float64(3453481.739122849), 200, 200]","[np.float64(3443458.150807864), 250, 200]","[np.float64(3397581.450488987), 300, 200]","[np.float64(3315739.4364174204), 350, 200]","[np.float64(3124161.4146649097), 400, 200]"
